datetime,bitmex-XRP/BTC-position-in-USD,bitmex-EOS/BTC-position-in-USD,cash
2019-05-01 21:00:00-04:00,0.0,0.0,0.9456264775413712
2019-05-01 21:05:00-04:00,0.0,0.0,0.9456264775413712
2019-05-01 21:10:00-04:00,0.0,0.0,0.9456264775413712
2019-05-01 21:15:00-04:00,0.0,0.0,0.9456264775413712
2019-05-01 21:20:00-04:00,0.0,0.0,0.9456264775413712
2019-05-01 21:25:00-04:00,0.0,0.0,0.9456264775413712
2019-05-01 21:30:00-04:00,0.0,0.0,0.9456264775413712
2019-05-01 21:35:00-04:00,0.0,0.0,0.9456264775413712
2019-05-01 21:40:00-04:00,0.0,0.0,0.9456264775413712
2019-05-01 21:45:00-04:00,0.0,0.0,0.9456264775413712
2019-05-01 21:50:00-04:00,0.0,0.0,0.9456264775413712
2019-05-01 21:55:00-04:00,0.0,0.0,0.9456264775413712
2019-05-01 22:00:00-04:00,0.0,0.0,0.9456264775413712
2019-05-01 22:05:00-04:00,0.0,0.0,0.9456264775413712
2019-05-01 22:10:00-04:00,0.0,0.0,0.9456264775413712
2019-05-01 22:15:00-04:00,0.0,0.0,0.9456264775413712
2019-05-01 22:20:00-04:00,0.0,0.0,0.9456264775413712
2019-05-01 22:25:00-04:00,0.0,0.0,0.9456264775413712
2019-05-01 22:30:00-04:00,0.0,0.0,0.9456264775413712
2019-05-01 22:35:00-04:00,0.0,0.0,0.9456264775413712
2019-05-01 22:40:00-04:00,0.0,0.0,0.9456264775413712
2019-05-01 22:45:00-04:00,0.0,0.0,0.9456264775413712
2019-05-01 22:50:00-04:00,0.0,0.0,0.9456264775413712
2019-05-01 22:55:00-04:00,0.0,0.0,0.9456264775413712
2019-05-01 23:00:00-04:00,0.0,0.0,0.9456264775413712
2019-05-01 23:05:00-04:00,0.0,0.0,0.9456264775413712
2019-05-01 23:10:00-04:00,0.0,0.0,0.9456264775413712
2019-05-01 23:15:00-04:00,0.0,0.0,0.9456264775413712
2019-05-01 23:20:00-04:00,0.0,0.0,0.9456264775413712
2019-05-01 23:25:00-04:00,0.0,0.0,0.9456264775413712
2019-05-01 23:30:00-04:00,0.0,0.0,0.9456264775413712
2019-05-01 23:35:00-04:00,0.0,0.0,0.9456264775413712
2019-05-01 23:40:00-04:00,0.0,0.0,0.9456264775413712
2019-05-01 23:45:00-04:00,0.0,0.0,0.9456264775413712
2019-05-01 23:50:00-04:00,0.0,0.0,0.9456264775413712
2019-05-01 23:55:00-04:00,0.0,0.0,0.9456264775413712
2019-05-02 00:00:00-04:00,0.0,0.0,0.9456264775413712
2019-05-02 00:05:00-04:00,0.0,0.0,0.9456264775413712
2019-05-02 00:10:00-04:00,0.0,0.0,0.9456264775413712
2019-05-02 00:15:00-04:00,0.0,0.0,0.9456264775413712
2019-05-02 00:20:00-04:00,0.0,0.0,0.9456264775413712
2019-05-02 00:25:00-04:00,-793.69571661,0.0,0.7954627591563712
2019-05-02 00:30:00-04:00,-793.69571661,0.0,0.7954627591563712
2019-05-02 00:35:00-04:00,-793.07349264,0.0,0.7954627591563712
2019-05-02 00:40:00-04:00,-792.891560255,0.0,0.7954627591563712
2019-05-02 00:45:00-04:00,-793.1077626,0.0,0.7954627591563712
2019-05-02 00:50:00-04:00,-795.2218107750001,0.0,0.7954627591563712
2019-05-02 00:55:00-04:00,-794.655715875,0.0,0.7954627591563712
2019-05-02 01:00:00-04:00,-794.189174675,0.0,0.7954627591563712
2019-05-02 01:05:00-04:00,-795.3202968749999,0.0,0.7954627591563712
2019-05-02 01:10:00-04:00,-798.39246267,0.0,0.7954627591563712
2019-05-02 01:15:00-04:00,-797.3357922250001,0.0,0.7954627591563712
2019-05-02 01:20:00-04:00,-796.41169101,-797.1505973999999,0.6450581402313712
2019-05-02 01:25:00-04:00,-795.49633077,-796.9538191500001,0.6450581402313712
2019-05-02 01:30:00-04:00,-795.77932484,-796.9538191500001,0.6450581402313712
2019-05-02 01:35:00-04:00,-795.56278887,-796.8786561000001,0.6450581402313712
2019-05-02 01:40:00-04:00,-796.69465839,-797.3318915999998,0.6450581402313712
2019-05-02 01:45:00-04:00,-797.2206782549999,-797.4955044000001,0.6450581402313712
2019-05-02 01:50:00-04:00,-797.6365885250001,-797.43585105,0.6450581402313712
2019-05-02 01:55:00-04:00,-796.8183665399999,-796.8498426,0.6450581402313712
2019-05-02 02:00:00-04:00,-797.0703868649999,-797.7079205999999,0.6450581402313712
2019-05-02 02:05:00-04:00,-796.804554465,-799.0974324,0.6450581402313712
2019-05-02 02:10:00-04:00,-795.98723994,-798.1477155,0.6450581402313712
2019-05-02 02:15:00-04:00,-794.0133543000001,-797.1089931,0.6450581402313712
2019-05-02 02:20:00-04:00,-794.8610553899999,-797.19951195,0.6450581402313712
2019-05-02 02:25:00-04:00,-793.488362,-796.5819540000001,0.6450581402313712
2019-05-02 02:30:00-04:00,-793.488362,-796.672413,0.6450581402313712
2019-05-02 02:35:00-04:00,-794.251415755,-796.44651345,0.6450581402313712
2019-05-02 02:40:00-04:00,-794.533715885,-796.44651345,0.6450581402313712
2019-05-02 02:45:00-04:00,-795.47417807,-797.0944410000001,0.6450581402313712
2019-05-02 02:50:00-04:00,-795.9822088750001,-797.41091925,0.6450581402313712
2019-05-02 02:55:00-04:00,-796.264722525,-797.139414,0.6450581402313712
2019-05-02 03:00:00-04:00,0.0,-796.9736124,0.7956225088788712
2019-05-02 03:05:00-04:00,0.0,-796.491495,0.7956225088788712
2019-05-02 03:10:00-04:00,0.0,-797.19951195,0.7956225088788712
2019-05-02 03:15:00-04:00,0.0,-797.0184742499999,0.7956225088788712
2019-05-02 03:20:00-04:00,0.0,-797.3805496499999,0.7956225088788712
2019-05-02 03:25:00-04:00,0.0,-797.10958305,0.7956225088788712
2019-05-02 03:30:00-04:00,0.0,-797.35084695,0.7956225088788712
2019-05-02 03:35:00-04:00,0.0,-797.77249875,0.7956225088788712
2019-05-02 03:40:00-04:00,0.0,-798.37612875,0.7956225088788712
2019-05-02 03:45:00-04:00,0.0,0.0,0.9466431895038712
2019-05-02 03:50:00-04:00,0.0,0.0,0.9466431895038712
2019-05-02 03:55:00-04:00,0.0,0.0,0.9466431895038712
2019-05-02 04:00:00-04:00,0.0,0.0,0.9466431895038712
2019-05-02 04:05:00-04:00,0.0,0.0,0.9466431895038712
2019-05-02 04:10:00-04:00,0.0,0.0,0.9466431895038712
2019-05-02 04:15:00-04:00,0.0,0.0,0.9466431895038712
2019-05-02 04:20:00-04:00,0.0,0.0,0.9466431895038712
2019-05-02 04:25:00-04:00,0.0,0.0,0.9466431895038712
2019-05-02 04:30:00-04:00,0.0,0.0,0.9466431895038712
2019-05-02 04:35:00-04:00,0.0,0.0,0.9466431895038712
2019-05-02 04:40:00-04:00,0.0,0.0,0.9466431895038712
2019-05-02 04:45:00-04:00,0.0,0.0,0.9466431895038712
2019-05-02 04:50:00-04:00,0.0,0.0,0.9466431895038712
2019-05-02 04:55:00-04:00,0.0,0.0,0.9466431895038712
2019-05-02 05:00:00-04:00,0.0,0.0,0.9466431895038712
2019-05-02 05:05:00-04:00,0.0,0.0,0.9466431895038712
2019-05-02 05:10:00-04:00,0.0,0.0,0.9466431895038712
2019-05-02 05:15:00-04:00,0.0,0.0,0.9466431895038712
2019-05-02 05:20:00-04:00,0.0,0.0,0.9466431895038712
2019-05-02 05:25:00-04:00,0.0,0.0,0.9466431895038712
2019-05-02 05:30:00-04:00,0.0,0.0,0.9466431895038712
2019-05-02 05:35:00-04:00,0.0,0.0,0.9466431895038712
2019-05-02 05:40:00-04:00,0.0,0.0,0.9466431895038712
2019-05-02 05:45:00-04:00,0.0,0.0,0.9466431895038712
2019-05-02 05:50:00-04:00,0.0,0.0,0.9466431895038712
2019-05-02 05:55:00-04:00,0.0,0.0,0.9466431895038712
2019-05-02 06:00:00-04:00,0.0,0.0,0.9466431895038712
2019-05-02 06:05:00-04:00,0.0,0.0,0.9466431895038712
2019-05-02 06:10:00-04:00,0.0,0.0,0.9466431895038712
2019-05-02 06:15:00-04:00,0.0,0.0,0.9466431895038712
2019-05-02 06:20:00-04:00,0.0,0.0,0.9466431895038712
2019-05-02 06:25:00-04:00,0.0,0.0,0.9466431895038712
2019-05-02 06:30:00-04:00,-798.3757777599999,0.0,0.7965246049438711
2019-05-02 06:35:00-04:00,-798.885248,0.0,0.7965246049438711
2019-05-02 06:40:00-04:00,-798.549578,0.0,0.7965246049438711
2019-05-02 06:45:00-04:00,-798.0915571200001,0.0,0.7965246049438711
2019-05-02 06:50:00-04:00,-797.9334949600001,0.0,0.7965246049438711
2019-05-02 06:55:00-04:00,-797.6493812,0.0,0.7965246049438711
2019-05-02 07:00:00-04:00,-797.86646784,0.0,0.7965246049438711
2019-05-02 07:05:00-04:00,-798.93238208,0.0,0.7965246049438711
2019-05-02 07:10:00-04:00,-799.3899888000001,0.0,0.7965246049438711
2019-05-02 07:15:00-04:00,-799.5247912,0.0,0.7965246049438711
2019-05-02 07:20:00-04:00,-798.21324,0.0,0.7965246049438711
2019-05-02 07:25:00-04:00,-798.3555240000001,0.0,0.7965246049438711
2019-05-02 07:30:00-04:00,-798.070956,0.0,0.7965246049438711
2019-05-02 07:35:00-04:00,-797.43440544,0.0,0.7965246049438711
2019-05-02 07:40:00-04:00,-797.4491816,0.0,0.7965246049438711
2019-05-02 07:45:00-04:00,-797.16448,0.0,0.7965246049438711
2019-05-02 07:50:00-04:00,-796.3635479999999,0.0,0.7965246049438711
2019-05-02 07:55:00-04:00,-795.6979260800001,0.0,0.7965246049438711
2019-05-02 08:00:00-04:00,-795.20387328,0.0,0.7965246049438711
2019-05-02 08:05:00-04:00,-794.9194656,0.0,0.7965246049438711
2019-05-02 08:10:00-04:00,-794.98697368,0.0,0.7965246049438711
2019-05-02 08:15:00-04:00,-796.266688,0.0,0.7965246049438711
2019-05-02 08:20:00-04:00,-799.7543961599999,0.0,0.7965246049438711
2019-05-02 08:25:00-04:00,-798.90117312,0.0,0.7965246049438711
2019-05-02 08:30:00-04:00,-799.46998848,0.0,0.7965246049438711
2019-05-02 08:35:00-04:00,-799.53706904,0.0,0.7965246049438711
2019-05-02 08:40:00-04:00,-800.4306259199999,0.0,0.7965246049438711
2019-05-02 08:45:00-04:00,0.0,0.0,0.9469105899038711
2019-05-02 08:50:00-04:00,0.0,0.0,0.9469105899038711
2019-05-02 08:55:00-04:00,0.0,0.0,0.9469105899038711
2019-05-02 09:00:00-04:00,0.0,0.0,0.9469105899038711
2019-05-02 09:05:00-04:00,0.0,0.0,0.9469105899038711
2019-05-02 09:10:00-04:00,0.0,0.0,0.9469105899038711
2019-05-02 09:15:00-04:00,0.0,0.0,0.9469105899038711
2019-05-02 09:20:00-04:00,0.0,0.0,0.9469105899038711
2019-05-02 09:25:00-04:00,0.0,0.0,0.9469105899038711
2019-05-02 09:30:00-04:00,0.0,0.0,0.9469105899038711
2019-05-02 09:35:00-04:00,0.0,0.0,0.9469105899038711
2019-05-02 09:40:00-04:00,0.0,0.0,0.9469105899038711
2019-05-02 09:45:00-04:00,0.0,0.0,0.9469105899038711
2019-05-02 09:50:00-04:00,0.0,0.0,0.9469105899038711
2019-05-02 09:55:00-04:00,0.0,0.0,0.9469105899038711
2019-05-02 10:00:00-04:00,0.0,0.0,0.9469105899038711
2019-05-02 10:05:00-04:00,0.0,0.0,0.9469105899038711
2019-05-02 10:10:00-04:00,0.0,0.0,0.9469105899038711
2019-05-02 10:15:00-04:00,0.0,0.0,0.9469105899038711
2019-05-02 10:20:00-04:00,0.0,0.0,0.9469105899038711
2019-05-02 10:25:00-04:00,0.0,0.0,0.9469105899038711
2019-05-02 10:30:00-04:00,0.0,0.0,0.9469105899038711
2019-05-02 10:35:00-04:00,0.0,0.0,0.9469105899038711
2019-05-02 10:40:00-04:00,0.0,0.0,0.9469105899038711
2019-05-02 10:45:00-04:00,0.0,0.0,0.9469105899038711
2019-05-02 10:50:00-04:00,0.0,0.0,0.9469105899038711
2019-05-02 10:55:00-04:00,0.0,0.0,0.9469105899038711
2019-05-02 11:00:00-04:00,0.0,0.0,0.9469105899038711
2019-05-02 11:05:00-04:00,0.0,0.0,0.9469105899038711
2019-05-02 11:10:00-04:00,0.0,0.0,0.9469105899038711
2019-05-02 11:15:00-04:00,0.0,0.0,0.9469105899038711
2019-05-02 11:20:00-04:00,0.0,0.0,0.9469105899038711
2019-05-02 11:25:00-04:00,0.0,0.0,0.9469105899038711
2019-05-02 11:30:00-04:00,0.0,0.0,0.9469105899038711
2019-05-02 11:35:00-04:00,0.0,0.0,0.9469105899038711
2019-05-02 11:40:00-04:00,0.0,0.0,0.9469105899038711
2019-05-02 11:45:00-04:00,0.0,0.0,0.9469105899038711
2019-05-02 11:50:00-04:00,0.0,0.0,0.9469105899038711
2019-05-02 11:55:00-04:00,0.0,0.0,0.9469105899038711
2019-05-02 12:00:00-04:00,0.0,0.0,0.9469105899038711
2019-05-02 12:05:00-04:00,0.0,0.0,0.9469105899038711
2019-05-02 12:10:00-04:00,0.0,0.0,0.9469105899038711
2019-05-02 12:15:00-04:00,0.0,0.0,0.9469105899038711
2019-05-02 12:20:00-04:00,0.0,0.0,0.9469105899038711
2019-05-02 12:25:00-04:00,0.0,0.0,0.9469105899038711
2019-05-02 12:30:00-04:00,0.0,0.0,0.9469105899038711
2019-05-02 12:35:00-04:00,0.0,797.27739,0.797028262403871
2019-05-02 12:40:00-04:00,0.0,797.127807,0.797028262403871
2019-05-02 12:45:00-04:00,0.0,798.5807375,0.797028262403871
2019-05-02 12:50:00-04:00,0.0,799.077452,0.797028262403871
2019-05-02 12:55:00-04:00,0.0,797.859827,0.797028262403871
2019-05-02 13:00:00-04:00,0.0,800.051994,0.797028262403871
2019-05-02 13:05:00-04:00,0.0,798.87318,0.797028262403871
2019-05-02 13:10:00-04:00,0.0,799.3656359999999,0.797028262403871
2019-05-02 13:15:00-04:00,0.0,800.37088,0.797028262403871
2019-05-02 13:20:00-04:00,0.0,800.611515,0.797028262403871
2019-05-02 13:25:00-04:00,0.0,799.558382,0.797028262403871
2019-05-02 13:30:00-04:00,0.0,799.0615144999999,0.797028262403871
2019-05-02 13:35:00-04:00,0.0,800.2265245,0.797028262403871
2019-05-02 13:40:00-04:00,0.0,799.729402,0.797028262403871
2019-05-02 13:45:00-04:00,0.0,800.327666,0.797028262403871
2019-05-02 13:50:00-04:00,0.0,800.49651,0.797028262403871
2019-05-02 13:55:00-04:00,-803.7754225599999,799.9500959999999,0.6469005409963711
2019-05-02 14:00:00-04:00,-806.6956407250001,0.0,0.7961165449963711
2019-05-02 14:05:00-04:00,-805.7485403999999,0.0,0.7961165449963711
2019-05-02 14:10:00-04:00,-804.294537525,0.0,0.7961165449963711
2019-05-02 14:15:00-04:00,-804.294537525,0.0,0.7961165449963711
2019-05-02 14:20:00-04:00,-803.86250823,0.0,0.7961165449963711
2019-05-02 14:25:00-04:00,-803.7754225599999,-807.8575637000001,0.6451820289463711
2019-05-02 14:30:00-04:00,-802.18710999,-806.3423518499999,0.6451820289463711
2019-05-02 14:35:00-04:00,-800.78774726,-806.0667369,0.6451820289463711
2019-05-02 14:40:00-04:00,-801.8439800900001,-807.0895475000001,0.6451820289463711
2019-05-02 14:45:00-04:00,-802.4873016299999,-806.8290873499999,0.6451820289463711
2019-05-02 14:50:00-04:00,-802.2938645,-806.3391599999999,0.6451820289463711
2019-05-02 14:55:00-04:00,-801.99394156,-806.2227656,0.6451820289463711
2019-05-02 15:00:00-04:00,-802.7810847750001,-806.3324130000001,0.6451820289463711
2019-05-02 15:05:00-04:00,-802.55590074,-807.1235766,0.6451820289463711
2019-05-02 15:10:00-04:00,-801.8312974500001,-806.9725995,0.6451820289463711
2019-05-02 15:15:00-04:00,-801.9252080999998,-807.5935484,0.6451820289463711
2019-05-02 15:20:00-04:00,-803.60675957,-809.2916990999998,0.6451820289463711
2019-05-02 15:25:00-04:00,-803.38787655,-809.1235085000001,0.6451820289463711
2019-05-02 15:30:00-04:00,-802.9686911150001,-809.611109,0.6451820289463711
2019-05-02 15:35:00-04:00,-803.1186525850001,-809.3917104000001,0.6451820289463711
2019-05-02 15:40:00-04:00,-803.8743578999998,-810.1129993,0.6451820289463711
2019-05-02 15:45:00-04:00,-803.4421673850001,-809.7419835000002,0.6451820289463711
2019-05-02 15:50:00-04:00,-802.31224358,-808.6434508000001,0.6451820289463711
2019-05-02 15:55:00-04:00,-802.2250772999998,-808.0806645000001,0.6451820289463711
2019-05-02 16:00:00-04:00,-802.81258985,-808.3827225000001,0.6451820289463711
2019-05-02 16:05:00-04:00,-802.68694573,-808.55785905,0.6451820289463711
2019-05-02 16:10:00-04:00,-803.4245540999999,-809.2888965000001,0.6451820289463711
2019-05-02 16:15:00-04:00,-803.33754904,-809.0039828,0.6451820289463711
2019-05-02 16:20:00-04:00,-803.568536995,-809.4743006000001,0.6451820289463711
2019-05-02 16:25:00-04:00,-803.730294395,-810.02024535,0.6451820289463711
2019-05-02 16:30:00-04:00,-803.447931,-809.8930125000002,0.6451820289463711
2019-05-02 16:35:00-04:00,-803.2923133950001,-809.86916445,0.6451820289463711
2019-05-02 16:40:00-04:00,-803.1424594050001,-809.6253642000001,0.6451820289463711
2019-05-02 16:45:00-04:00,-803.4245540999999,-809.56700265,0.6451820289463711
2019-05-02 16:50:00-04:00,-804.50134248,-809.4914622,0.6451820289463711
2019-05-02 16:55:00-04:00,-804.88883475,-810.44964,0.6451820289463711
2019-05-02 17:00:00-04:00,-803.9375024,-809.7936239999999,0.6451820289463711
2019-05-02 17:05:00-04:00,-803.33754904,-809.2819592,0.6451820289463711
2019-05-02 17:10:00-04:00,-803.03757236,-808.7945144000001,0.6451820289463711
2019-05-02 17:15:00-04:00,-803.3614096,-809.5154400000001,0.6451820289463711
2019-05-02 17:20:00-04:00,-802.99844964,-809.34720615,0.6451820289463711
2019-05-02 17:25:00-04:00,-801.62195328,-809.0279952,0.6451820289463711
2019-05-02 17:30:00-04:00,-802.7385764349999,-810.0094588000001,0.6451820289463711
2019-05-02 17:35:00-04:00,-802.6637569199999,-807.8924231999999,0.6451820289463711
2019-05-02 17:40:00-04:00,-802.19783112,-807.0814338000001,0.6451820289463711
2019-05-02 17:45:00-04:00,-802.1229713000001,-807.4695419999999,0.6451820289463711
2019-05-02 17:50:00-04:00,-802.05386166,-806.0618063999999,0.6451820289463711
2019-05-02 17:55:00-04:00,-802.8401316,-807.588393,0.6451820289463711
2019-05-02 18:00:00-04:00,-800.85430425,-805.0689075,0.6451820289463711
2019-05-02 18:05:00-04:00,-800.9237094599999,-805.643181,0.6451820289463711
2019-05-02 18:10:00-04:00,-797.3955172399999,-798.9136540000001,0.6451820289463711
2019-05-02 18:15:00-04:00,-796.7766474,-791.436594,0.6451820289463711
2019-05-02 18:20:00-04:00,-798.5394806200001,-793.7691011000001,0.6451820289463711
2019-05-02 18:25:00-04:00,-795.93755104,-793.5086496,0.6451820289463711
2019-05-02 18:30:00-04:00,-795.65036448,-793.4161984,0.6451820289463711
2019-05-02 18:35:00-04:00,-795.8148088800001,-794.1951136,0.6451820289463711
2019-05-02 18:40:00-04:00,-795.37865504,-794.1391135000001,0.6451820289463711
2019-05-02 18:45:00-04:00,-795.3579113999999,-793.8223332,0.6451820289463711
2019-05-02 18:50:00-04:00,-797.3846080200001,-794.5455078000001,0.6451820289463711
2019-05-02 18:55:00-04:00,-797.10274172,-794.9716413999998,0.6451820289463711
2019-05-02 19:00:00-04:00,-798.9860062800001,-799.2805697,0.6451820289463711
2019-05-02 19:05:00-04:00,-795.9552315,-800.05926,0.6451820289463711
2019-05-02 19:10:00-04:00,-795.5099418599999,-798.59176155,0.6451820289463711
2019-05-02 19:15:00-04:00,-795.35251053,-796.84740255,0.6451820289463711
2019-05-02 19:20:00-04:00,-795.5841568,-797.368072,0.6451820289463711
2019-05-02 19:25:00-04:00,-796.2520912599999,-798.5943392500001,0.6451820289463711
2019-05-02 19:30:00-04:00,-795.3702984700001,-797.9988732500001,0.6451820289463711
2019-05-02 19:35:00-04:00,-795.3913242450001,-799.0216751999999,0.6451820289463711
2019-05-02 19:40:00-04:00,-795.06650625,-800.80835,0.6451820289463711
2019-05-02 19:45:00-04:00,-793.89046009,-800.7503777000001,0.6451820289463711
2019-05-02 19:50:00-04:00,-794.400869175,-800.8811829999999,0.6451820289463711
2019-05-02 19:55:00-04:00,-794.2492820699999,-800.5829309999999,0.6451820289463711
2019-05-02 20:00:00-04:00,-794.26363065,-801.0864907499999,0.6451820289463711
2019-05-02 20:05:00-04:00,-795.70547485,-804.0681025000001,0.6451820289463711
2019-05-02 20:10:00-04:00,-794.5385913599999,-802.5948864,0.6451820289463711
2019-05-02 20:15:00-04:00,-795.1303493700001,-804.2728134,0.6451820289463711
2019-05-02 20:20:00-04:00,-794.4572155650001,-801.23492475,0.6451820289463711
2019-05-02 20:25:00-04:00,-794.67304884,-801.160578,0.6451820289463711
2019-05-02 20:30:00-04:00,-795.20628399,-802.4416776,0.6451820289463711
2019-05-02 20:35:00-04:00,-792.93574212,-799.9488168,0.6451820289463711
2019-05-02 20:40:00-04:00,-793.1541146100001,-799.5569458499999,0.6451820289463711
2019-05-02 20:45:00-04:00,-793.5197347,-799.593025,0.6451820289463711
2019-05-02 20:50:00-04:00,-794.60724421,-799.66719875,0.6451820289463711
2019-05-02 20:55:00-04:00,-795.83415528,-799.7243665999999,0.6451820289463711
2019-05-02 21:00:00-04:00,-795.8504385,-800.5214295,0.6451820289463711
2019-05-02 21:05:00-04:00,-796.0717129499999,-801.2107999,0.6451820289463711
2019-05-02 21:10:00-04:00,-793.75570704,-801.60113115,0.6451820289463711
2019-05-02 21:15:00-04:00,-794.329448715,-801.0623313,0.6451820289463711
2019-05-02 21:20:00-04:00,-795.0699724799999,-798.4462080000002,0.6451820289463711
2019-05-02 21:25:00-04:00,-796.64358716,-798.0379972,0.6451820289463711
2019-05-02 21:30:00-04:00,-796.3700505600001,-798.6322176,0.6451820289463711
2019-05-02 21:35:00-04:00,-794.1358638,-799.2271732500001,0.6451820289463711
2019-05-02 21:40:00-04:00,-793.5578901000001,-798.6689887500002,0.6451820289463711
2019-05-02 21:45:00-04:00,-792.6590886,-797.1837837500002,0.6451820289463711
2019-05-02 21:50:00-04:00,-793.3202786899999,-797.7965237999999,0.6451820289463711
2019-05-02 21:55:00-04:00,-793.105466475,-797.7778657500002,0.6451820289463711
2019-05-02 22:00:00-04:00,-793.16913494,-797.4065645000002,0.6451820289463711
2019-05-02 22:05:00-04:00,-793.77306506,-797.8505517,0.6451820289463711
2019-05-02 22:10:00-04:00,-793.4931334,-798.481846,0.6451820289463711
2019-05-02 22:15:00-04:00,-793.4931334,-799.0402900000001,0.6451820289463711
2019-05-02 22:20:00-04:00,-793.1273789600001,-798.6314131500001,0.6451820289463711
2019-05-02 22:25:00-04:00,-794.66751362,-799.7450574000001,0.6451820289463711
2019-05-02 22:30:00-04:00,-794.3808107200001,-799.7071531,0.6451820289463711
2019-05-02 22:35:00-04:00,-793.861856975,-799.03912225,0.6451820289463711
2019-05-02 22:40:00-04:00,-793.9327265999999,-799.6166568,0.6451820289463711
2019-05-02 22:45:00-04:00,-794.6646654000001,-800.435016,0.6451820289463711
2019-05-02 22:50:00-04:00,-795.10455417,-800.5459089999999,0.6451820289463711
2019-05-02 22:55:00-04:00,-794.9598054800001,-800.6391041,0.6451820289463711
2019-05-02 23:00:00-04:00,-795.3142879549999,0.0,0.7939177971713711
2019-05-02 23:05:00-04:00,-795.0188791749999,0.0,0.7939177971713711
2019-05-02 23:10:00-04:00,-795.7452021449999,0.0,0.7939177971713711
2019-05-02 23:15:00-04:00,0.0,0.0,0.9418405260738711
2019-05-02 23:20:00-04:00,0.0,0.0,0.9418405260738711
2019-05-02 23:25:00-04:00,0.0,0.0,0.9418405260738711
2019-05-02 23:30:00-04:00,0.0,0.0,0.9418405260738711
2019-05-02 23:35:00-04:00,0.0,0.0,0.9418405260738711
2019-05-02 23:40:00-04:00,0.0,0.0,0.9418405260738711
2019-05-02 23:45:00-04:00,0.0,0.0,0.9418405260738711
2019-05-02 23:50:00-04:00,0.0,0.0,0.9418405260738711
2019-05-02 23:55:00-04:00,0.0,0.0,0.9418405260738711
2019-05-03 00:00:00-04:00,0.0,0.0,0.9418405260738711
2019-05-03 00:05:00-04:00,0.0,0.0,0.9418405260738711
2019-05-03 00:10:00-04:00,0.0,0.0,0.9418405260738711
2019-05-03 00:15:00-04:00,0.0,0.0,0.9418405260738711
2019-05-03 00:20:00-04:00,0.0,0.0,0.9418405260738711
2019-05-03 00:25:00-04:00,0.0,0.0,0.9418405260738711
2019-05-03 00:30:00-04:00,0.0,0.0,0.9418405260738711
2019-05-03 00:35:00-04:00,0.0,0.0,0.9418405260738711
2019-05-03 00:40:00-04:00,0.0,0.0,0.9418405260738711
2019-05-03 00:45:00-04:00,0.0,0.0,0.9418405260738711
2019-05-03 00:50:00-04:00,0.0,0.0,0.9418405260738711
2019-05-03 00:55:00-04:00,0.0,0.0,0.9418405260738711
2019-05-03 01:00:00-04:00,0.0,0.0,0.9418405260738711
2019-05-03 01:05:00-04:00,0.0,0.0,0.9418405260738711
2019-05-03 01:10:00-04:00,0.0,0.0,0.9418405260738711
2019-05-03 01:15:00-04:00,0.0,0.0,0.9418405260738711
2019-05-03 01:20:00-04:00,0.0,0.0,0.9418405260738711
2019-05-03 01:25:00-04:00,0.0,0.0,0.9418405260738711
2019-05-03 01:30:00-04:00,0.0,0.0,0.9418405260738711
2019-05-03 01:35:00-04:00,0.0,803.1552507,0.7924814907488712
2019-05-03 01:40:00-04:00,0.0,803.5653472,0.7924814907488712
2019-05-03 01:45:00-04:00,0.0,803.9383352,0.7924814907488712
2019-05-03 01:50:00-04:00,0.0,806.9051814000001,0.7924814907488712
2019-05-03 01:55:00-04:00,0.0,808.8118230499999,0.7924814907488712
2019-05-03 02:00:00-04:00,0.0,808.64352,0.7924814907488712
2019-05-03 02:05:00-04:00,0.0,809.8775635999999,0.7924814907488712
2019-05-03 02:10:00-04:00,0.0,810.6067672500001,0.7924814907488712
2019-05-03 02:15:00-04:00,0.0,814.1764751999999,0.7924814907488712
2019-05-03 02:20:00-04:00,0.0,815.4668562500001,0.7924814907488712
2019-05-03 02:25:00-04:00,0.0,813.3172015,0.7924814907488712
2019-05-03 02:30:00-04:00,0.0,816.2111627999999,0.7924814907488712
2019-05-03 02:35:00-04:00,0.0,813.3967296,0.7924814907488712
2019-05-03 02:40:00-04:00,0.0,813.4700124000001,0.7924814907488712
2019-05-03 02:45:00-04:00,0.0,814.1471517,0.7924814907488712
2019-05-03 02:50:00-04:00,0.0,813.8828249999999,0.7924814907488712
2019-05-03 02:55:00-04:00,0.0,812.2272149999999,0.7924814907488712
2019-05-03 03:00:00-04:00,0.0,813.0368117499999,0.7924814907488712
2019-05-03 03:05:00-04:00,0.0,812.36211175,0.7924814907488712
2019-05-03 03:10:00-04:00,0.0,812.1546587999999,0.7924814907488712
2019-05-03 03:15:00-04:00,0.0,812.9068627999999,0.7924814907488712
2019-05-03 03:20:00-04:00,0.0,813.1690616000001,0.7924814907488712
2019-05-03 03:25:00-04:00,0.0,813.134427,0.7924814907488712
2019-05-03 03:30:00-04:00,0.0,813.0003433500001,0.7924814907488712
2019-05-03 03:35:00-04:00,0.0,812.5671600000001,0.7924814907488712
2019-05-03 03:40:00-04:00,0.0,812.1909715,0.7924814907488712
2019-05-03 03:45:00-04:00,0.0,812.2843482499999,0.7924814907488712
2019-05-03 03:50:00-04:00,0.0,810.8426095,0.7924814907488712
2019-05-03 03:55:00-04:00,0.0,811.4985044,0.7924814907488712
2019-05-03 04:00:00-04:00,0.0,811.368789,0.7924814907488712
2019-05-03 04:05:00-04:00,0.0,810.4848541499999,0.7924814907488712
2019-05-03 04:10:00-04:00,0.0,810.8788529999999,0.7924814907488712
2019-05-03 04:15:00-04:00,0.0,811.4621571,0.7924814907488712
2019-05-03 04:20:00-04:00,0.0,811.2754209,0.7924814907488712
2019-05-03 04:25:00-04:00,0.0,811.6488932999999,0.7924814907488712
2019-05-03 04:30:00-04:00,0.0,813.552222,0.7924814907488712
2019-05-03 04:35:00-04:00,0.0,813.25416895,0.7924814907488712
2019-05-03 04:40:00-04:00,0.0,812.95276835,0.7924814907488712
2019-05-03 04:45:00-04:00,0.0,812.12757565,0.7924814907488712
2019-05-03 04:50:00-04:00,0.0,811.2991046000001,0.7924814907488712
2019-05-03 04:55:00-04:00,0.0,811.6935792,0.7924814907488712
2019-05-03 05:00:00-04:00,0.0,810.9621525,0.7924814907488712
2019-05-03 05:05:00-04:00,0.0,806.3168776,0.7924814907488712
2019-05-03 05:10:00-04:00,0.0,807.402591,0.7924814907488712
2019-05-03 05:15:00-04:00,0.0,808.4907264,0.7924814907488712
2019-05-03 05:20:00-04:00,0.0,808.1543624999999,0.7924814907488712
2019-05-03 05:25:00-04:00,0.0,808.623279,0.7924814907488712
2019-05-03 05:30:00-04:00,0.0,809.381365,0.7924814907488712
2019-05-03 05:35:00-04:00,0.0,808.9515724500001,0.7924814907488712
2019-05-03 05:40:00-04:00,0.0,0.0,0.9425501547738713
2019-05-03 05:45:00-04:00,0.0,0.0,0.9425501547738713
2019-05-03 05:50:00-04:00,0.0,0.0,0.9425501547738713
2019-05-03 05:55:00-04:00,0.0,0.0,0.9425501547738713
2019-05-03 06:00:00-04:00,0.0,0.0,0.9425501547738713
2019-05-03 06:05:00-04:00,0.0,0.0,0.9425501547738713
2019-05-03 06:10:00-04:00,0.0,0.0,0.9425501547738713
2019-05-03 06:15:00-04:00,0.0,0.0,0.9425501547738713
2019-05-03 06:20:00-04:00,0.0,0.0,0.9425501547738713
2019-05-03 06:25:00-04:00,0.0,0.0,0.9425501547738713
2019-05-03 06:30:00-04:00,0.0,0.0,0.9425501547738713
2019-05-03 06:35:00-04:00,0.0,0.0,0.9425501547738713
2019-05-03 06:40:00-04:00,0.0,0.0,0.9425501547738713
2019-05-03 06:45:00-04:00,0.0,0.0,0.9425501547738713
2019-05-03 06:50:00-04:00,0.0,0.0,0.9425501547738713
2019-05-03 06:55:00-04:00,0.0,0.0,0.9425501547738713
2019-05-03 07:00:00-04:00,0.0,0.0,0.9425501547738713
2019-05-03 07:05:00-04:00,0.0,814.3990938,0.7924706795238713
2019-05-03 07:10:00-04:00,0.0,814.0483214999999,0.7924706795238713
2019-05-03 07:15:00-04:00,-815.102652195,814.45288185,0.6423160479488713
2019-05-03 07:20:00-04:00,-815.7769776,814.6059525000002,0.6423160479488713
2019-05-03 07:25:00-04:00,-815.2480586250001,812.0536578,0.6423160479488713
2019-05-03 07:30:00-04:00,-815.85559198,813.5131257,0.6423160479488713
2019-05-03 07:35:00-04:00,-815.7788977,811.1868075000001,0.6423160479488713
2019-05-03 07:40:00-04:00,-816.156265925,811.5420600000001,0.6423160479488713
2019-05-03 07:45:00-04:00,-814.2891744,810.8902080000001,0.6423160479488713
2019-05-03 07:50:00-04:00,-816.158734625,813.403395,0.6423160479488713
2019-05-03 07:55:00-04:00,-817.12785024,814.1630112,0.6423160479488713
2019-05-03 08:00:00-04:00,-816.7512912,813.2630296500001,0.6423160479488713
2019-05-03 08:05:00-04:00,-816.0771715200001,0.0,0.7907865115238714
2019-05-03 08:10:00-04:00,-814.95937159,0.0,0.7907865115238714
2019-05-03 08:15:00-04:00,-814.810851855,0.0,0.7907865115238714
2019-05-03 08:20:00-04:00,-814.512468315,0.0,0.7907865115238714
2019-05-03 08:25:00-04:00,-814.5870642,0.0,0.7907865115238714
2019-05-03 08:30:00-04:00,-813.99029712,0.0,0.7907865115238714
2019-05-03 08:35:00-04:00,-815.03463951,0.0,0.7907865115238714
2019-05-03 08:40:00-04:00,-815.63061112,0.0,0.7907865115238714
2019-05-03 08:45:00-04:00,-815.6297607900001,0.0,0.7907865115238714
2019-05-03 08:50:00-04:00,-814.12591104,0.0,0.7907865115238714
2019-05-03 08:55:00-04:00,-814.055182785,0.0,0.7907865115238714
2019-05-03 09:00:00-04:00,-813.53416365,0.0,0.7907865115238714
2019-05-03 09:05:00-04:00,-813.019864865,0.0,0.7907865115238714
2019-05-03 09:10:00-04:00,-814.363784,0.0,0.7907865115238714
2019-05-03 09:15:00-04:00,-815.109235395,0.0,0.7907865115238714
2019-05-03 09:20:00-04:00,-814.660370875,0.0,0.7907865115238714
2019-05-03 09:25:00-04:00,-814.66104291,0.0,0.7907865115238714
2019-05-03 09:30:00-04:00,-814.8824853,0.0,0.7907865115238714
2019-05-03 09:35:00-04:00,-814.8030754499998,0.0,0.7907865115238714
2019-05-03 09:40:00-04:00,-816.5081242499999,0.0,0.7907865115238714
2019-05-03 09:45:00-04:00,-816.58078632,0.0,0.7907865115238714
2019-05-03 09:50:00-04:00,-815.6152777499999,0.0,0.7907865115238714
2019-05-03 09:55:00-04:00,-816.35404994,0.0,0.7907865115238714
2019-05-03 10:00:00-04:00,-815.16424626,0.0,0.7907865115238714
2019-05-03 10:05:00-04:00,-813.52256076,0.0,0.7907865115238714
2019-05-03 10:10:00-04:00,-813.22225712,0.0,0.7907865115238714
2019-05-03 10:15:00-04:00,-812.32474752,0.0,0.7907865115238714
2019-05-03 10:20:00-04:00,-813.06519294,0.0,0.7907865115238714
2019-05-03 10:25:00-04:00,-813.428187845,0.0,0.7907865115238714
2019-05-03 10:30:00-04:00,-813.7269691199999,0.0,0.7907865115238714
2019-05-03 10:35:00-04:00,-813.5806986449999,0.0,0.7907865115238714
2019-05-03 10:40:00-04:00,-813.8853910849999,0.0,0.7907865115238714
2019-05-03 10:45:00-04:00,-814.635409575,0.0,0.7907865115238714
2019-05-03 10:50:00-04:00,-815.1431251600001,0.0,0.7907865115238714
2019-05-03 10:55:00-04:00,-815.2237967899999,0.0,0.7907865115238714
2019-05-03 11:00:00-04:00,-814.55151492,0.0,0.7907865115238714
2019-05-03 11:05:00-04:00,-814.623642105,0.0,0.7907865115238714
2019-05-03 11:10:00-04:00,-815.9594556750001,0.0,0.7907865115238714
2019-05-03 11:15:00-04:00,-816.64135176,0.0,0.7907865115238714
2019-05-03 11:20:00-04:00,-817.877608145,0.0,0.7907865115238714
2019-05-03 11:25:00-04:00,-818.4446411050001,0.0,0.7907865115238714
2019-05-03 11:30:00-04:00,-815.4741504000001,0.0,0.7907865115238714
2019-05-03 11:35:00-04:00,-818.1284966400001,0.0,0.7907865115238714
2019-05-03 11:40:00-04:00,-816.1377369600001,0.0,0.7907865115238714
2019-05-03 11:45:00-04:00,-818.22930189,0.0,0.7907865115238714
2019-05-03 11:50:00-04:00,-817.25657923,0.0,0.7907865115238714
2019-05-03 11:55:00-04:00,-816.14917527,0.0,0.7907865115238714
2019-05-03 12:00:00-04:00,-816.5902771000001,0.0,0.7907865115238714
2019-05-03 12:05:00-04:00,-817.98986542,0.0,0.7907865115238714
2019-05-03 12:10:00-04:00,-817.01733477,0.0,0.7907865115238714
2019-05-03 12:15:00-04:00,-817.9011568,0.0,0.7907865115238714
2019-05-03 12:20:00-04:00,-816.9576745200001,0.0,0.7907865115238714
2019-05-03 12:25:00-04:00,-818.0594416150001,0.0,0.7907865115238714
2019-05-03 12:30:00-04:00,-815.847074965,0.0,0.7907865115238714
2019-05-03 12:35:00-04:00,-816.0370140000001,0.0,0.7907865115238714
2019-05-03 12:40:00-04:00,-816.0678453200001,0.0,0.7907865115238714
2019-05-03 12:45:00-04:00,-815.94589154,0.0,0.7907865115238714
2019-05-03 12:50:00-04:00,-809.5703914999999,-830.7446875,0.6406464908988714
2019-05-03 12:55:00-04:00,-810.2394092,-831.7028562500001,0.6406464908988714
2019-05-03 13:00:00-04:00,-814.7137908000001,-833.3046224999999,0.6406464908988714
2019-05-03 13:05:00-04:00,-814.86953834,-832.1731687500001,0.6406464908988714
2019-05-03 13:10:00-04:00,-817.9996990750001,-830.9123724999998,0.6406464908988714
2019-05-03 13:15:00-04:00,-815.70686652,-832.63789,0.6406464908988714
2019-05-03 13:20:00-04:00,-815.620695175,-833.1546474999999,0.6406464908988714
2019-05-03 13:25:00-04:00,-816.1653864,-833.22295,0.6406464908988714
2019-05-03 13:30:00-04:00,-813.6135735,-831.68925,0.6406464908988714
2019-05-03 13:35:00-04:00,-816.52351248,-833.0217,0.6406464908988714
2019-05-03 13:40:00-04:00,-813.973551105,-833.2828875,0.6406464908988714
2019-05-03 13:45:00-04:00,-812.290281725,-827.9333562500001,0.6406464908988714
2019-05-03 13:50:00-04:00,-814.6775832000001,-831.8435999999999,0.6406464908988714
2019-05-03 13:55:00-04:00,-814.8469360199999,-831.1647225,0.6406464908988714
2019-05-03 14:00:00-04:00,-815.98533588,-832.6833899999999,0.6406464908988714
2019-05-03 14:05:00-04:00,-814.5709353599999,-829.9317599999998,0.6406464908988714
2019-05-03 14:10:00-04:00,-815.9371825149999,-835.29522125,0.6406464908988714
2019-05-03 14:15:00-04:00,-835.1241109250001,-879.9812875,0.6406464908988714
2019-05-03 14:20:00-04:00,-832.87889685,-879.434325,0.6406464908988714
2019-05-03 14:25:00-04:00,-830.6842225500001,-878.5079625000001,0.6406464908988714
2019-05-03 14:30:00-04:00,-839.1493948499999,0.0,0.7954975421488714
2019-05-03 14:35:00-04:00,-841.32942153,0.0,0.7954975421488714
2019-05-03 14:40:00-04:00,-841.2153401599999,0.0,0.7954975421488714
2019-05-03 14:45:00-04:00,0.0,862.35524375,0.7924524800638713
2019-05-03 14:50:00-04:00,0.0,860.1034623999999,0.7924524800638713
2019-05-03 14:55:00-04:00,0.0,860.2983532,0.7924524800638713
2019-05-03 15:00:00-04:00,0.0,857.0448243500001,0.7924524800638713
2019-05-03 15:05:00-04:00,0.0,853.9681878,0.7924524800638713
2019-05-03 15:10:00-04:00,0.0,850.3795235000001,0.7924524800638713
2019-05-03 15:15:00-04:00,0.0,848.5307142,0.7924524800638713
2019-05-03 15:20:00-04:00,0.0,848.7477355500001,0.7924524800638713
2019-05-03 15:25:00-04:00,0.0,848.582631,0.7924524800638713
2019-05-03 15:30:00-04:00,0.0,847.8787122,0.7924524800638713
2019-05-03 15:35:00-04:00,0.0,848.9272811500001,0.7924524800638713
2019-05-03 15:40:00-04:00,0.0,847.5226292000001,0.7924524800638713
2019-05-03 15:45:00-04:00,0.0,847.1630394500002,0.7924524800638713
2019-05-03 15:50:00-04:00,0.0,845.2308286500001,0.7924524800638713
2019-05-03 15:55:00-04:00,0.0,845.0655212999999,0.7924524800638713
2019-05-03 16:00:00-04:00,0.0,842.8533282,0.7924524800638713
2019-05-03 16:05:00-04:00,0.0,843.2737833,0.7924524800638713
2019-05-03 16:10:00-04:00,0.0,848.5660521,0.7924524800638713
2019-05-03 16:15:00-04:00,0.0,847.6903025499998,0.7924524800638713
2019-05-03 16:20:00-04:00,0.0,847.7025297,0.7924524800638713
2019-05-03 16:25:00-04:00,0.0,846.0745949499999,0.7924524800638713
2019-05-03 16:30:00-04:00,0.0,847.947698,0.7924524800638713
2019-05-03 16:35:00-04:00,0.0,850.4540863000001,0.7924524800638713
2019-05-03 16:40:00-04:00,0.0,849.7782383999999,0.7924524800638713
2019-05-03 16:45:00-04:00,0.0,848.0100421000002,0.7924524800638713
2019-05-03 16:50:00-04:00,0.0,846.8957068000001,0.7924524800638713
2019-05-03 16:55:00-04:00,0.0,844.6393962500001,0.7924524800638713
2019-05-03 17:00:00-04:00,0.0,843.5618099999999,0.7924524800638713
2019-05-03 17:05:00-04:00,0.0,843.8130285000001,0.7924524800638713
2019-05-03 17:10:00-04:00,0.0,845.55971955,0.7924524800638713
2019-05-03 17:15:00-04:00,0.0,846.28716315,0.7924524800638713
2019-05-03 17:20:00-04:00,0.0,846.9787871999999,0.7924524800638713
2019-05-03 17:25:00-04:00,0.0,847.6426867999999,0.7924524800638713
2019-05-03 17:30:00-04:00,0.0,848.5424765999999,0.7924524800638713
2019-05-03 17:35:00-04:00,0.0,849.2085224999998,0.7924524800638713
2019-05-03 17:40:00-04:00,0.0,0.0,0.9403516724138712
2019-05-03 17:45:00-04:00,0.0,0.0,0.9403516724138712
2019-05-03 17:50:00-04:00,0.0,0.0,0.9403516724138712
2019-05-03 17:55:00-04:00,0.0,0.0,0.9403516724138712
2019-05-03 18:00:00-04:00,0.0,0.0,0.9403516724138712
2019-05-03 18:05:00-04:00,0.0,0.0,0.9403516724138712
2019-05-03 18:10:00-04:00,0.0,0.0,0.9403516724138712
2019-05-03 18:15:00-04:00,0.0,0.0,0.9403516724138712
2019-05-03 18:20:00-04:00,0.0,0.0,0.9403516724138712
2019-05-03 18:25:00-04:00,0.0,0.0,0.9403516724138712
2019-05-03 18:30:00-04:00,0.0,0.0,0.9403516724138712
2019-05-03 18:35:00-04:00,0.0,0.0,0.9403516724138712
2019-05-03 18:40:00-04:00,0.0,0.0,0.9403516724138712
2019-05-03 18:45:00-04:00,0.0,0.0,0.9403516724138712
2019-05-03 18:50:00-04:00,0.0,0.0,0.9403516724138712
2019-05-03 18:55:00-04:00,0.0,0.0,0.9403516724138712
2019-05-03 19:00:00-04:00,0.0,0.0,0.9403516724138712
2019-05-03 19:05:00-04:00,0.0,0.0,0.9403516724138712
2019-05-03 19:10:00-04:00,0.0,0.0,0.9403516724138712
2019-05-03 19:15:00-04:00,0.0,0.0,0.9403516724138712
2019-05-03 19:20:00-04:00,0.0,0.0,0.9403516724138712
2019-05-03 19:25:00-04:00,0.0,0.0,0.9403516724138712
2019-05-03 19:30:00-04:00,0.0,0.0,0.9403516724138712
2019-05-03 19:35:00-04:00,0.0,0.0,0.9403516724138712
2019-05-03 19:40:00-04:00,0.0,-867.336192,0.7897114769388711
2019-05-03 19:45:00-04:00,0.0,-866.9840505,0.7897114769388711
2019-05-03 19:50:00-04:00,0.0,-866.1315584,0.7897114769388711
2019-05-03 19:55:00-04:00,0.0,-863.7023962,0.7897114769388711
2019-05-03 20:00:00-04:00,0.0,-863.5515575,0.7897114769388711
2019-05-03 20:05:00-04:00,0.0,-859.5833700000002,0.7897114769388711
2019-05-03 20:10:00-04:00,0.0,-859.002436,0.7897114769388711
2019-05-03 20:15:00-04:00,0.0,-860.8567365000001,0.7897114769388711
2019-05-03 20:20:00-04:00,0.0,-860.1270398,0.7897114769388711
2019-05-03 20:25:00-04:00,0.0,-858.9505014,0.7897114769388711
2019-05-03 20:30:00-04:00,0.0,-860.0612998,0.7897114769388711
2019-05-03 20:35:00-04:00,0.0,-861.6098920000001,0.7897114769388711
2019-05-03 20:40:00-04:00,0.0,-860.08485375,0.7897114769388711
2019-05-03 20:45:00-04:00,0.0,-860.1410268499999,0.7897114769388711
2019-05-03 20:50:00-04:00,0.0,-858.6025984,0.7897114769388711
2019-05-03 20:55:00-04:00,0.0,-859.7602106,0.7897114769388711
2019-05-03 21:00:00-04:00,0.0,-859.7602106,0.7897114769388711
2019-05-03 21:05:00-04:00,0.0,-860.0095728,0.7897114769388711
2019-05-03 21:10:00-04:00,0.0,-859.0777342499999,0.7897114769388711
2019-05-03 21:15:00-04:00,0.0,-860.5688126,0.7897114769388711
2019-05-03 21:20:00-04:00,0.0,-859.9388849999999,0.7897114769388711
2019-05-03 21:25:00-04:00,0.0,-861.13878705,0.7897114769388711
2019-05-03 21:30:00-04:00,0.0,-861.43991085,0.7897114769388711
2019-05-03 21:35:00-04:00,0.0,-861.41198,0.7897114769388711
2019-05-03 21:40:00-04:00,0.0,-861.8267907499999,0.7897114769388711
2019-05-03 21:45:00-04:00,0.0,-862.30570665,0.7897114769388711
2019-05-03 21:50:00-04:00,0.0,-861.6727602,0.7897114769388711
2019-05-03 21:55:00-04:00,0.0,-861.7714740000001,0.7897114769388711
2019-05-03 22:00:00-04:00,0.0,-859.1970782999999,0.7897114769388711
2019-05-03 22:05:00-04:00,0.0,0.0,0.9409056876138711
2019-05-03 22:10:00-04:00,0.0,0.0,0.9409056876138711
2019-05-03 22:15:00-04:00,0.0,0.0,0.9409056876138711
2019-05-03 22:20:00-04:00,0.0,0.0,0.9409056876138711
2019-05-03 22:25:00-04:00,0.0,0.0,0.9409056876138711
2019-05-03 22:30:00-04:00,0.0,0.0,0.9409056876138711
2019-05-03 22:35:00-04:00,0.0,0.0,0.9409056876138711
2019-05-03 22:40:00-04:00,0.0,0.0,0.9409056876138711
2019-05-03 22:45:00-04:00,0.0,0.0,0.9409056876138711
2019-05-03 22:50:00-04:00,0.0,0.0,0.9409056876138711
2019-05-03 22:55:00-04:00,0.0,0.0,0.9409056876138711
2019-05-03 23:00:00-04:00,0.0,0.0,0.9409056876138711
2019-05-03 23:05:00-04:00,0.0,0.0,0.9409056876138711
2019-05-03 23:10:00-04:00,0.0,0.0,0.9409056876138711
2019-05-03 23:15:00-04:00,0.0,0.0,0.9409056876138711
2019-05-03 23:20:00-04:00,0.0,0.0,0.9409056876138711
2019-05-03 23:25:00-04:00,0.0,0.0,0.9409056876138711
2019-05-03 23:30:00-04:00,0.0,0.0,0.9409056876138711
2019-05-03 23:35:00-04:00,0.0,0.0,0.9409056876138711
2019-05-03 23:40:00-04:00,0.0,0.0,0.9409056876138711
2019-05-03 23:45:00-04:00,0.0,0.0,0.9409056876138711
2019-05-03 23:50:00-04:00,0.0,0.0,0.9409056876138711
2019-05-03 23:55:00-04:00,0.0,0.0,0.9409056876138711
2019-05-04 00:00:00-04:00,0.0,0.0,0.9409056876138711
2019-05-04 00:05:00-04:00,0.0,0.0,0.9409056876138711
2019-05-04 00:10:00-04:00,0.0,0.0,0.9409056876138711
2019-05-04 00:15:00-04:00,0.0,0.0,0.9409056876138711
2019-05-04 00:20:00-04:00,0.0,0.0,0.9409056876138711
2019-05-04 00:25:00-04:00,0.0,0.0,0.9409056876138711
2019-05-04 00:30:00-04:00,0.0,0.0,0.9409056876138711
2019-05-04 00:35:00-04:00,0.0,0.0,0.9409056876138711
2019-05-04 00:40:00-04:00,0.0,0.0,0.9409056876138711
2019-05-04 00:45:00-04:00,0.0,0.0,0.9409056876138711
2019-05-04 00:50:00-04:00,0.0,0.0,0.9409056876138711
2019-05-04 00:55:00-04:00,0.0,0.0,0.9409056876138711
2019-05-04 01:00:00-04:00,0.0,0.0,0.9409056876138711
2019-05-04 01:05:00-04:00,0.0,0.0,0.9409056876138711
2019-05-04 01:10:00-04:00,0.0,0.0,0.9409056876138711
2019-05-04 01:15:00-04:00,0.0,0.0,0.9409056876138711
2019-05-04 01:20:00-04:00,0.0,0.0,0.9409056876138711
2019-05-04 01:25:00-04:00,0.0,0.0,0.9409056876138711
2019-05-04 01:30:00-04:00,0.0,0.0,0.9409056876138711
2019-05-04 01:35:00-04:00,0.0,0.0,0.9409056876138711
2019-05-04 01:40:00-04:00,0.0,0.0,0.9409056876138711
2019-05-04 01:45:00-04:00,0.0,0.0,0.9409056876138711
2019-05-04 01:50:00-04:00,0.0,0.0,0.9409056876138711
2019-05-04 01:55:00-04:00,0.0,0.0,0.9409056876138711
2019-05-04 02:00:00-04:00,0.0,0.0,0.9409056876138711
2019-05-04 02:05:00-04:00,0.0,0.0,0.9409056876138711
2019-05-04 02:10:00-04:00,0.0,0.0,0.9409056876138711
2019-05-04 02:15:00-04:00,0.0,0.0,0.9409056876138711
2019-05-04 02:20:00-04:00,0.0,0.0,0.9409056876138711
2019-05-04 02:25:00-04:00,0.0,0.0,0.9409056876138711
2019-05-04 02:30:00-04:00,0.0,0.0,0.9409056876138711
2019-05-04 02:35:00-04:00,0.0,0.0,0.9409056876138711
2019-05-04 02:40:00-04:00,0.0,0.0,0.9409056876138711
2019-05-04 02:45:00-04:00,0.0,0.0,0.9409056876138711
2019-05-04 02:50:00-04:00,0.0,0.0,0.9409056876138711
2019-05-04 02:55:00-04:00,0.0,0.0,0.9409056876138711
2019-05-04 03:00:00-04:00,0.0,0.0,0.9409056876138711
2019-05-04 03:05:00-04:00,0.0,0.0,0.9409056876138711
2019-05-04 03:10:00-04:00,0.0,0.0,0.9409056876138711
2019-05-04 03:15:00-04:00,0.0,0.0,0.9409056876138711
2019-05-04 03:20:00-04:00,0.0,0.0,0.9409056876138711
2019-05-04 03:25:00-04:00,0.0,0.0,0.9409056876138711
2019-05-04 03:30:00-04:00,0.0,0.0,0.9409056876138711
2019-05-04 03:35:00-04:00,0.0,844.8135000500001,0.791329989913871
2019-05-04 03:40:00-04:00,0.0,845.6140952999998,0.791329989913871
2019-05-04 03:45:00-04:00,0.0,844.5025147,0.791329989913871
2019-05-04 03:50:00-04:00,0.0,842.3899302000001,0.791329989913871
2019-05-04 03:55:00-04:00,0.0,843.8840592000001,0.791329989913871
2019-05-04 04:00:00-04:00,0.0,846.6496766,0.791329989913871
2019-05-04 04:05:00-04:00,0.0,844.3923520499999,0.791329989913871
2019-05-04 04:10:00-04:00,0.0,842.9114811000001,0.791329989913871
2019-05-04 04:15:00-04:00,0.0,844.1412941000001,0.791329989913871
2019-05-04 04:20:00-04:00,0.0,842.9255756999999,0.791329989913871
2019-05-04 04:25:00-04:00,0.0,844.078781,0.791329989913871
2019-05-04 04:30:00-04:00,0.0,843.3912467499999,0.791329989913871
2019-05-04 04:35:00-04:00,0.0,843.4667475,0.791329989913871
2019-05-04 04:40:00-04:00,0.0,842.5196292499999,0.791329989913871
2019-05-04 04:45:00-04:00,0.0,842.2540034999998,0.791329989913871
2019-05-04 04:50:00-04:00,0.0,842.9030480000001,0.791329989913871
2019-05-04 04:55:00-04:00,0.0,843.3498164000001,0.791329989913871
2019-05-04 05:00:00-04:00,0.0,842.5307410000001,0.791329989913871
2019-05-04 05:05:00-04:00,0.0,843.3382230000001,0.791329989913871
2019-05-04 05:10:00-04:00,0.0,843.9976610000001,0.791329989913871
2019-05-04 05:15:00-04:00,0.0,851.08742225,0.791329989913871
2019-05-04 05:20:00-04:00,0.0,854.6074641,0.791329989913871
2019-05-04 05:25:00-04:00,0.0,862.2691466999999,0.791329989913871
2019-05-04 05:30:00-04:00,0.0,859.52751885,0.791329989913871
2019-05-04 05:35:00-04:00,0.0,861.1002581999999,0.791329989913871
2019-05-04 05:40:00-04:00,0.0,859.0001965999999,0.791329989913871
2019-05-04 05:45:00-04:00,0.0,858.050687,0.791329989913871
2019-05-04 05:50:00-04:00,0.0,857.7292659,0.791329989913871
2019-05-04 05:55:00-04:00,0.0,855.7042065,0.791329989913871
2019-05-04 06:00:00-04:00,-859.081144,854.8690591999999,0.641209984288871
2019-05-04 06:05:00-04:00,-858.6944015,854.7419712000002,0.641209984288871
2019-05-04 06:10:00-04:00,-857.6845487500001,854.1228396999999,0.641209984288871
2019-05-04 06:15:00-04:00,-858.5733502499999,856.1376323499999,0.641209984288871
2019-05-04 06:20:00-04:00,-857.6997190000001,854.6521308,0.641209984288871
2019-05-04 06:25:00-04:00,-858.0958405000001,0.0,0.789953542888871
2019-05-04 06:30:00-04:00,-858.6929325000001,0.0,0.789953542888871
2019-05-04 06:35:00-04:00,-857.4110887500001,0.0,0.789953542888871
2019-05-04 06:40:00-04:00,-858.6577047500001,0.0,0.789953542888871
2019-05-04 06:45:00-04:00,-858.6395400000001,0.0,0.789953542888871
2019-05-04 06:50:00-04:00,-860.6719015000001,0.0,0.789953542888871
2019-05-04 06:55:00-04:00,-865.52742675,0.0,0.789953542888871
2019-05-04 07:00:00-04:00,-862.654995,0.0,0.789953542888871
2019-05-04 07:05:00-04:00,-858.63148875,0.0,0.789953542888871
2019-05-04 07:10:00-04:00,-860.56463625,0.0,0.789953542888871
2019-05-04 07:15:00-04:00,-865.1910539999999,0.0,0.789953542888871
2019-05-04 07:20:00-04:00,-880.7047674999999,0.0,0.789953542888871
2019-05-04 07:25:00-04:00,-877.930123125,0.0,0.789953542888871
2019-05-04 07:30:00-04:00,0.0,0.0,0.942024260451371
2019-05-04 07:35:00-04:00,0.0,0.0,0.942024260451371
2019-05-04 07:40:00-04:00,0.0,0.0,0.942024260451371
2019-05-04 07:45:00-04:00,0.0,0.0,0.942024260451371
2019-05-04 07:50:00-04:00,863.9524500000001,0.0,0.7919389808513709
2019-05-04 07:55:00-04:00,863.0192890200001,0.0,0.7919389808513709
2019-05-04 08:00:00-04:00,863.7155713199999,0.0,0.7919389808513709
2019-05-04 08:05:00-04:00,865.0244337500001,0.0,0.7919389808513709
2019-05-04 08:10:00-04:00,863.4683960000001,0.0,0.7919389808513709
2019-05-04 08:15:00-04:00,860.63743556,0.0,0.7919389808513709
2019-05-04 08:20:00-04:00,859.75805214,0.0,0.7919389808513709
2019-05-04 08:25:00-04:00,860.41921954,0.0,0.7919389808513709
2019-05-04 08:30:00-04:00,857.4735411,0.0,0.7919389808513709
2019-05-04 08:35:00-04:00,858.12466368,0.0,0.7919389808513709
2019-05-04 08:40:00-04:00,857.6870285,0.0,0.7919389808513709
2019-05-04 08:45:00-04:00,857.3876704800001,0.0,0.7919389808513709
2019-05-04 08:50:00-04:00,855.38840155,0.0,0.7919389808513709
2019-05-04 08:55:00-04:00,855.4972297599999,0.0,0.7919389808513709
2019-05-04 09:00:00-04:00,0.0,-860.2998667999999,0.7903150649463708
2019-05-04 09:05:00-04:00,0.0,-858.0342069,0.7903150649463708
2019-05-04 09:10:00-04:00,0.0,-839.4707359999999,0.7903150649463708
2019-05-04 09:15:00-04:00,0.0,-842.498755,0.7903150649463708
2019-05-04 09:20:00-04:00,0.0,-839.8397536500001,0.7903150649463708
2019-05-04 09:25:00-04:00,0.0,-845.4838008000002,0.7903150649463708
2019-05-04 09:30:00-04:00,0.0,-845.55773235,0.7903150649463708
2019-05-04 09:35:00-04:00,0.0,-846.8174232,0.7903150649463708
2019-05-04 09:40:00-04:00,0.0,-847.5092329,0.7903150649463708
2019-05-04 09:45:00-04:00,0.0,-846.6937282000001,0.7903150649463708
2019-05-04 09:50:00-04:00,0.0,-847.23673195,0.7903150649463708
2019-05-04 09:55:00-04:00,0.0,-846.2728192000001,0.7903150649463708
2019-05-04 10:00:00-04:00,0.0,-845.9470169499999,0.7903150649463708
2019-05-04 10:05:00-04:00,0.0,-842.7638948000001,0.7903150649463708
2019-05-04 10:10:00-04:00,0.0,-845.5299399,0.7903150649463708
2019-05-04 10:15:00-04:00,0.0,-846.0759798,0.7903150649463708
2019-05-04 10:20:00-04:00,0.0,-845.0881152,0.7903150649463708
2019-05-04 10:25:00-04:00,0.0,-844.5691325,0.7903150649463708
2019-05-04 10:30:00-04:00,0.0,-843.9777493,0.7903150649463708
2019-05-04 10:35:00-04:00,0.0,-841.7335759999999,0.7903150649463708
2019-05-04 10:40:00-04:00,0.0,-840.8723127999999,0.7903150649463708
2019-05-04 10:45:00-04:00,0.0,-839.1743178,0.7903150649463708
2019-05-04 10:50:00-04:00,0.0,-840.5516399999999,0.7903150649463708
2019-05-04 10:55:00-04:00,0.0,-840.35442,0.7903150649463708
2019-05-04 11:00:00-04:00,0.0,-840.45303,0.7903150649463708
2019-05-04 11:05:00-04:00,0.0,-839.3232016,0.7903150649463708
2019-05-04 11:10:00-04:00,0.0,-838.462146,0.7903150649463708
2019-05-04 11:15:00-04:00,0.0,-837.7236868500001,0.7903150649463708
2019-05-04 11:20:00-04:00,0.0,-836.2971028999999,0.7903150649463708
2019-05-04 11:25:00-04:00,0.0,-839.512429,0.7903150649463708
2019-05-04 11:30:00-04:00,0.0,-839.4890393999998,0.7903150649463708
2019-05-04 11:35:00-04:00,0.0,-840.2501356,0.7903150649463708
2019-05-04 11:40:00-04:00,0.0,-838.9705584000001,0.7903150649463708
2019-05-04 11:45:00-04:00,0.0,-840.0274673,0.7903150649463708
2019-05-04 11:50:00-04:00,0.0,-841.5519346500001,0.7903150649463708
2019-05-04 11:55:00-04:00,0.0,-843.4504625999999,0.7903150649463708
2019-05-04 12:00:00-04:00,0.0,-844.4341233,0.7903150649463708
2019-05-04 12:05:00-04:00,0.0,-845.1738540000001,0.7903150649463708
2019-05-04 12:10:00-04:00,0.0,-845.0694658,0.7903150649463708
2019-05-04 12:15:00-04:00,0.0,-846.8701017000001,0.7903150649463708
2019-05-04 12:20:00-04:00,0.0,-847.0534297999999,0.7903150649463708
2019-05-04 12:25:00-04:00,0.0,-845.8908784500001,0.7903150649463708
2019-05-04 12:30:00-04:00,0.0,-848.39984555,0.7903150649463708
2019-05-04 12:35:00-04:00,0.0,-847.0881855,0.7903150649463708
2019-05-04 12:40:00-04:00,0.0,-848.1495664500001,0.7903150649463708
2019-05-04 12:45:00-04:00,0.0,-848.8906724999998,0.7903150649463708
2019-05-04 12:50:00-04:00,0.0,-847.6332566000001,0.7903150649463708
2019-05-04 12:55:00-04:00,0.0,-848.2455987500001,0.7903150649463708
2019-05-04 13:00:00-04:00,0.0,-846.0815849999999,0.7903150649463708
2019-05-04 13:05:00-04:00,0.0,-844.10608935,0.7903150649463708
2019-05-04 13:10:00-04:00,0.0,-842.9418426000001,0.7903150649463708
2019-05-04 13:15:00-04:00,0.0,-841.7425028,0.7903150649463708
2019-05-04 13:20:00-04:00,0.0,-841.6631649999999,0.7903150649463708
2019-05-04 13:25:00-04:00,0.0,-842.1357577500002,0.7903150649463708
2019-05-04 13:30:00-04:00,0.0,-842.7212157,0.7903150649463708
2019-05-04 13:35:00-04:00,0.0,-842.9863035999999,0.7903150649463708
2019-05-04 13:40:00-04:00,0.0,-840.9815623000001,0.7903150649463708
2019-05-04 13:45:00-04:00,0.0,-842.18661975,0.7903150649463708
2019-05-04 13:50:00-04:00,0.0,-842.4073764,0.7903150649463708
2019-05-04 13:55:00-04:00,0.0,-842.8034772000001,0.7903150649463708
2019-05-04 14:00:00-04:00,0.0,-843.2933439999999,0.7903150649463708
2019-05-04 14:05:00-04:00,0.0,-843.70946955,0.7903150649463708
2019-05-04 14:10:00-04:00,0.0,-845.3507984,0.7903150649463708
2019-05-04 14:15:00-04:00,0.0,-845.4023351,0.7903150649463708
2019-05-04 14:20:00-04:00,0.0,-845.4795104000001,0.7903150649463708
2019-05-04 14:25:00-04:00,0.0,-844.7718712000001,0.7903150649463708
2019-05-04 14:30:00-04:00,0.0,-844.3525364999999,0.7903150649463708
2019-05-04 14:35:00-04:00,0.0,-842.6700249999999,0.7903150649463708
2019-05-04 14:40:00-04:00,0.0,-843.4822946,0.7903150649463708
2019-05-04 14:45:00-04:00,0.0,-841.9092401999999,0.7903150649463708
2019-05-04 14:50:00-04:00,0.0,-839.14688,0.7903150649463708
2019-05-04 14:55:00-04:00,0.0,-837.8548122,0.7903150649463708
2019-05-04 15:00:00-04:00,0.0,-838.6649712,0.7903150649463708
2019-05-04 15:05:00-04:00,0.0,-836.0201472,0.7903150649463708
2019-05-04 15:10:00-04:00,0.0,-838.8626063999999,0.7903150649463708
2019-05-04 15:15:00-04:00,-855.1208399999999,-836.90307,0.6401813490463708
2019-05-04 15:20:00-04:00,-855.261055425,-836.2423570499999,0.6401813490463708
2019-05-04 15:25:00-04:00,-856.1225750699999,-837.5637829499999,0.6401813490463708
2019-05-04 15:30:00-04:00,-858.78991765,-838.9012373,0.6401813490463708
2019-05-04 15:35:00-04:00,-858.5574706799999,-839.6346708,0.6401813490463708
2019-05-04 15:40:00-04:00,-858.4685745300001,-840.2031834,0.6401813490463708
2019-05-04 15:45:00-04:00,-859.27422273,-839.5575474000001,0.6401813490463708
2019-05-04 15:50:00-04:00,-859.27422273,-839.26039395,0.6401813490463708
2019-05-04 15:55:00-04:00,-859.1789420900001,-839.12126735,0.6401813490463708
2019-05-04 16:00:00-04:00,-858.81694437,-839.7947131000001,0.6401813490463708
2019-05-04 16:05:00-04:00,-859.288036705,-841.4906234499999,0.6401813490463708
2019-05-04 16:10:00-04:00,-860.32477195,-844.4517087500001,0.6401813490463708
2019-05-04 16:15:00-04:00,-859.3824298149999,-844.0097802500001,0.6401813490463708
2019-05-04 16:20:00-04:00,-859.59330408,-843.8822359999999,0.6401813490463708
2019-05-04 16:25:00-04:00,-859.6398564599999,0.0,0.7875147662963708
2019-05-04 16:30:00-04:00,-859.50741408,0.0,0.7875147662963708
2019-05-04 16:35:00-04:00,-859.3683581700001,0.0,0.7875147662963708
2019-05-04 16:40:00-04:00,-859.6824149549999,0.0,0.7875147662963708
2019-05-04 16:45:00-04:00,-859.25403858,0.0,0.7875147662963708
2019-05-04 16:50:00-04:00,-859.7105152999999,0.0,0.7875147662963708
2019-05-04 16:55:00-04:00,-859.7856976799999,0.0,0.7875147662963708
2019-05-04 17:00:00-04:00,-859.970833575,0.0,0.7875147662963708
2019-05-04 17:05:00-04:00,-859.8205547050001,0.0,0.7875147662963708
2019-05-04 17:10:00-04:00,-858.98062208,0.0,0.7875147662963708
2019-05-04 17:15:00-04:00,0.0,0.0,0.9378776939763709
2019-05-04 17:20:00-04:00,0.0,0.0,0.9378776939763709
2019-05-04 17:25:00-04:00,0.0,0.0,0.9378776939763709
2019-05-04 17:30:00-04:00,0.0,0.0,0.9378776939763709
2019-05-04 17:35:00-04:00,0.0,0.0,0.9378776939763709
2019-05-04 17:40:00-04:00,0.0,0.0,0.9378776939763709
2019-05-04 17:45:00-04:00,0.0,0.0,0.9378776939763709
2019-05-04 17:50:00-04:00,0.0,0.0,0.9378776939763709
2019-05-04 17:55:00-04:00,0.0,0.0,0.9378776939763709
2019-05-04 18:00:00-04:00,0.0,0.0,0.9378776939763709
2019-05-04 18:05:00-04:00,0.0,0.0,0.9378776939763709
2019-05-04 18:10:00-04:00,0.0,0.0,0.9378776939763709
2019-05-04 18:15:00-04:00,0.0,0.0,0.9378776939763709
2019-05-04 18:20:00-04:00,0.0,0.0,0.9378776939763709
2019-05-04 18:25:00-04:00,0.0,0.0,0.9378776939763709
2019-05-04 18:30:00-04:00,0.0,0.0,0.9378776939763709
2019-05-04 18:35:00-04:00,0.0,0.0,0.9378776939763709
2019-05-04 18:40:00-04:00,0.0,-850.2340701999999,0.7876933401263709
2019-05-04 18:45:00-04:00,0.0,-850.1332599,0.7876933401263709
2019-05-04 18:50:00-04:00,0.0,-839.8481707,0.7876933401263709
2019-05-04 18:55:00-04:00,0.0,-847.2571181000001,0.7876933401263709
2019-05-04 19:00:00-04:00,0.0,-845.8775469000002,0.7876933401263709
2019-05-04 19:05:00-04:00,836.55429783,0.0,0.7896956807563709
2019-05-04 19:10:00-04:00,834.815485095,0.0,0.7896956807563709
2019-05-04 19:15:00-04:00,835.76284155,0.0,0.7896956807563709
2019-05-04 19:20:00-04:00,835.75073088,833.2094400000001,0.6400285145063709
2019-05-04 19:25:00-04:00,834.432799215,833.03012625,0.6400285145063709
2019-05-04 19:30:00-04:00,834.5534260049999,834.5583837500001,0.6400285145063709
2019-05-04 19:35:00-04:00,836.411637525,836.32829875,0.6400285145063709
2019-05-04 19:40:00-04:00,836.7758750999999,835.8626937500001,0.6400285145063709
2019-05-04 19:45:00-04:00,837.3225772800001,835.64544,0.6400285145063709
2019-05-04 19:50:00-04:00,836.426175975,836.41831875,0.6400285145063709
2019-05-04 19:55:00-04:00,836.39330214,835.442685,0.6400285145063709
2019-05-04 20:00:00-04:00,837.5481490950001,835.4806950000002,0.6400285145063709
2019-05-04 20:05:00-04:00,836.97958278,833.64406125,0.6400285145063709
2019-05-04 20:10:00-04:00,835.64196069,833.4270700000001,0.6400285145063709
2019-05-04 20:15:00-04:00,835.6966422000002,834.0489937499999,0.6400285145063709
2019-05-04 20:20:00-04:00,836.9803167599999,835.1731499999999,0.6400285145063709
2019-05-04 20:25:00-04:00,836.68689414,835.990435,0.6400285145063709
2019-05-04 20:30:00-04:00,835.332376395,836.0732187499999,0.6400285145063709
2019-05-04 20:35:00-04:00,834.9720063300001,834.4237124999999,0.6400285145063709
2019-05-04 20:40:00-04:00,835.4434755599999,834.9108249999999,0.6400285145063709
2019-05-04 20:45:00-04:00,834.8706324000002,833.2246124999999,0.6400285145063709
2019-05-04 20:50:00-04:00,833.3190551399999,831.5363874999999,0.6400285145063709
2019-05-04 20:55:00-04:00,835.3114438499999,832.5862125,0.6400285145063709
2019-05-04 21:00:00-04:00,835.26071454,832.0083975,0.6400285145063709
2019-05-04 21:05:00-04:00,835.7594257200001,831.54939,0.6400285145063709
2019-05-04 21:10:00-04:00,835.66104417,831.78340875,0.6400285145063709
2019-05-04 21:15:00-04:00,836.7473628,833.9583,0.6400285145063709
2019-05-04 21:20:00-04:00,837.7941311999999,834.7684800000001,0.6400285145063709
2019-05-04 21:25:00-04:00,837.3225772800001,835.0608,0.6400285145063709
2019-05-04 21:30:00-04:00,838.1566044,836.02824375,0.6400285145063709
2019-05-04 21:35:00-04:00,839.29176093,837.1986874999999,0.6400285145063709
2019-05-04 21:40:00-04:00,838.327551165,836.11812375,0.6400285145063709
2019-05-04 21:45:00-04:00,838.765229085,836.5758975000001,0.6400285145063709
2019-05-04 21:50:00-04:00,837.7053760800001,835.96802625,0.6400285145063709
2019-05-04 21:55:00-04:00,838.5241872299999,837.8467649999999,0.6400285145063709
2019-05-04 22:00:00-04:00,841.5543672000001,838.7723750000001,0.6400285145063709
2019-05-04 22:05:00-04:00,840.95001936,837.683,0.6400285145063709
2019-05-04 22:10:00-04:00,841.1011063200001,837.8335,0.6400285145063709
2019-05-04 22:15:00-04:00,842.8386063600001,839.66187375,0.6400285145063709
2019-05-04 22:20:00-04:00,841.1129911500001,838.92571875,0.6400285145063709
2019-05-04 22:25:00-04:00,841.7025747,839.63277125,0.6400285145063709
2019-05-04 22:30:00-04:00,840.7708153199999,839.1366637500001,0.6400285145063709
2019-05-04 22:35:00-04:00,840.21581352,839.2118350000001,0.6400285145063709
2019-05-04 22:40:00-04:00,839.62750032,838.50494,0.6400285145063709
2019-05-04 22:45:00-04:00,839.32634268,838.2041849999999,0.6400285145063709
2019-05-04 22:50:00-04:00,839.2442639550001,838.27937375,0.6400285145063709
2019-05-04 22:55:00-04:00,839.32634268,838.1066400000001,0.6400285145063709
2019-05-04 23:00:00-04:00,839.9147687999999,839.10645,0.6400285145063709
2019-05-04 23:05:00-04:00,838.8611122799999,837.6636975,0.6400285145063709
2019-05-04 23:10:00-04:00,837.6634827600001,836.3109300000001,0.6400285145063709
2019-05-04 23:15:00-04:00,837.764447355,835.78485375,0.6400285145063709
2019-05-04 23:20:00-04:00,839.04508719,836.8675525,0.6400285145063709
2019-05-04 23:25:00-04:00,839.49707772,836.92833,0.6400285145063709
2019-05-04 23:30:00-04:00,839.1824826000001,837.0258399999999,0.6400285145063709
2019-05-04 23:35:00-04:00,839.0385095999999,836.92035,0.6400285145063709
2019-05-04 23:40:00-04:00,840.5585257199999,837.92716,0.6400285145063709
2019-05-04 23:45:00-04:00,840.40105878,837.8295449999999,0.6400285145063709
2019-05-04 23:50:00-04:00,842.435016165,839.7594275000001,0.6400285145063709
2019-05-04 23:55:00-04:00,841.2766969200001,839.23378,0.6400285145063709
2019-05-05 00:00:00-04:00,839.5384629,0.0,0.7901008757563709
2019-05-05 00:05:00-04:00,838.12854378,0.0,0.7901008757563709
2019-05-05 00:10:00-04:00,0.0,0.0,0.9402846733663709
2019-05-05 00:15:00-04:00,0.0,0.0,0.9402846733663709
2019-05-05 00:20:00-04:00,0.0,0.0,0.9402846733663709
2019-05-05 00:25:00-04:00,0.0,0.0,0.9402846733663709
2019-05-05 00:30:00-04:00,0.0,0.0,0.9402846733663709
2019-05-05 00:35:00-04:00,0.0,0.0,0.9402846733663709
2019-05-05 00:40:00-04:00,0.0,0.0,0.9402846733663709
2019-05-05 00:45:00-04:00,0.0,0.0,0.9402846733663709
2019-05-05 00:50:00-04:00,0.0,0.0,0.9402846733663709
2019-05-05 00:55:00-04:00,0.0,0.0,0.9402846733663709
2019-05-05 01:00:00-04:00,0.0,0.0,0.9402846733663709
2019-05-05 01:05:00-04:00,0.0,0.0,0.9402846733663709
2019-05-05 01:10:00-04:00,0.0,0.0,0.9402846733663709
2019-05-05 01:15:00-04:00,0.0,0.0,0.9402846733663709
2019-05-05 01:20:00-04:00,0.0,0.0,0.9402846733663709
2019-05-05 01:25:00-04:00,0.0,-844.4666384,0.7899912377663709
2019-05-05 01:30:00-04:00,0.0,-845.3226495999999,0.7899912377663709
2019-05-05 01:35:00-04:00,-844.9441920000002,-845.5307519999999,0.639839348246371
2019-05-05 01:40:00-04:00,-842.85362376,-844.5562927999999,0.639839348246371
2019-05-05 01:45:00-04:00,-844.8422400000001,-847.1293600000001,0.639839348246371
2019-05-05 01:50:00-04:00,-843.32753064,-846.4578056,0.639839348246371
2019-05-05 01:55:00-04:00,-844.7235508800001,-848.1808368000001,0.639839348246371
2019-05-05 02:00:00-04:00,-846.6323472000001,-851.0518367999999,0.639839348246371
2019-05-05 02:05:00-04:00,-848.71369728,-856.6024103999999,0.639839348246371
2019-05-05 02:10:00-04:00,-854.3797363199999,-863.0045247999999,0.639839348246371
2019-05-05 02:15:00-04:00,-851.4052159199999,-860.9785184000001,0.639839348246371
2019-05-05 02:20:00-04:00,-852.3640320000001,-861.7081792,0.639839348246371
2019-05-05 02:25:00-04:00,-851.40828864,-859.43088,0.639839348246371
2019-05-05 02:30:00-04:00,-852.2001158400001,-856.5128704,0.639839348246371
2019-05-05 02:35:00-04:00,-854.67063936,-856.2068591999999,0.639839348246371
2019-05-05 02:40:00-04:00,-857.07934032,-860.8867519999999,0.639839348246371
2019-05-05 02:45:00-04:00,-858.2425276800001,-863.4020824000002,0.639839348246371
2019-05-05 02:50:00-04:00,-855.26997552,-862.7808991999999,0.639839348246371
2019-05-05 02:55:00-04:00,-854.6911430399999,-861.6750912000001,0.639839348246371
2019-05-05 03:00:00-04:00,-854.70003552,-864.9339335999999,0.639839348246371
2019-05-05 03:05:00-04:00,-853.4775743999999,-863.3655359999999,0.639839348246371
2019-05-05 03:10:00-04:00,-852.2630995200001,-864.3350144000001,0.639839348246371
2019-05-05 03:15:00-04:00,-851.8525869599998,-865.7522016000001,0.639839348246371
2019-05-05 03:20:00-04:00,-852.5864289599999,-869.8545856000002,0.639839348246371
2019-05-05 03:25:00-04:00,-852.01320384,-864.7747152000001,0.639839348246371
2019-05-05 03:30:00-04:00,-851.753736,-863.2602880000002,0.639839348246371
2019-05-05 03:35:00-04:00,-850.65667584,-862.5075712,0.639839348246371
2019-05-05 03:40:00-04:00,-853.15577424,-865.8115311999999,0.639839348246371
2019-05-05 03:45:00-04:00,-852.0393573599999,-865.6159511999999,0.639839348246371
2019-05-05 03:50:00-04:00,-850.3911899999999,-864.173288,0.639839348246371
2019-05-05 03:55:00-04:00,-851.0506919999999,-865.0478848000001,0.639839348246371
2019-05-05 04:00:00-04:00,-852.7724205599999,-871.2744744000001,0.639839348246371
2019-05-05 04:05:00-04:00,-853.9085481599999,-871.4835360000001,0.639839348246371
2019-05-05 04:10:00-04:00,-851.9119315200002,-870.3883584000001,0.639839348246371
2019-05-05 04:15:00-04:00,-849.29606976,-866.9504447999999,0.639839348246371
2019-05-05 04:20:00-04:00,-852.4465848,-866.0528272,0.639839348246371
2019-05-05 04:25:00-04:00,-849.8147788800001,0.0,0.789710067046371
2019-05-05 04:30:00-04:00,-849.5720906399999,0.0,0.789710067046371
2019-05-05 04:35:00-04:00,-851.07133728,0.0,0.789710067046371
2019-05-05 04:40:00-04:00,-849.793284,0.0,0.789710067046371
2019-05-05 04:45:00-04:00,-848.756064,0.0,0.789710067046371
2019-05-05 04:50:00-04:00,-849.999666,0.0,0.789710067046371
2019-05-05 04:55:00-04:00,-850.5145944000001,0.0,0.789710067046371
2019-05-05 05:00:00-04:00,-847.76885712,0.0,0.789710067046371
2019-05-05 05:05:00-04:00,-850.0802364000001,0.0,0.789710067046371
2019-05-05 05:10:00-04:00,-851.20973712,0.0,0.789710067046371
2019-05-05 05:15:00-04:00,-847.3474272,0.0,0.789710067046371
2019-05-05 05:20:00-04:00,-848.2885574400001,0.0,0.789710067046371
2019-05-05 05:25:00-04:00,-844.28719632,0.0,0.789710067046371
2019-05-05 05:30:00-04:00,0.0,0.0,0.9380197759663711
2019-05-05 05:35:00-04:00,0.0,0.0,0.9380197759663711
2019-05-05 05:40:00-04:00,0.0,0.0,0.9380197759663711
2019-05-05 05:45:00-04:00,0.0,0.0,0.9380197759663711
2019-05-05 05:50:00-04:00,0.0,0.0,0.9380197759663711
2019-05-05 05:55:00-04:00,0.0,0.0,0.9380197759663711
2019-05-05 06:00:00-04:00,0.0,0.0,0.9380197759663711
2019-05-05 06:05:00-04:00,0.0,0.0,0.9380197759663711
2019-05-05 06:10:00-04:00,0.0,0.0,0.9380197759663711
2019-05-05 06:15:00-04:00,0.0,0.0,0.9380197759663711
2019-05-05 06:20:00-04:00,0.0,0.0,0.9380197759663711
2019-05-05 06:25:00-04:00,0.0,0.0,0.9380197759663711
2019-05-05 06:30:00-04:00,0.0,0.0,0.9380197759663711
2019-05-05 06:35:00-04:00,0.0,0.0,0.9380197759663711
2019-05-05 06:40:00-04:00,0.0,0.0,0.9380197759663711
2019-05-05 06:45:00-04:00,0.0,0.0,0.9380197759663711
2019-05-05 06:50:00-04:00,0.0,0.0,0.9380197759663711
2019-05-05 06:55:00-04:00,0.0,0.0,0.9380197759663711
2019-05-05 07:00:00-04:00,0.0,0.0,0.9380197759663711
2019-05-05 07:05:00-04:00,0.0,0.0,0.9380197759663711
2019-05-05 07:10:00-04:00,0.0,0.0,0.9380197759663711
2019-05-05 07:15:00-04:00,0.0,0.0,0.9380197759663711
2019-05-05 07:20:00-04:00,0.0,0.0,0.9380197759663711
2019-05-05 07:25:00-04:00,0.0,0.0,0.9380197759663711
2019-05-05 07:30:00-04:00,0.0,0.0,0.9380197759663711
2019-05-05 07:35:00-04:00,0.0,0.0,0.9380197759663711
2019-05-05 07:40:00-04:00,0.0,0.0,0.9380197759663711
2019-05-05 07:45:00-04:00,0.0,0.0,0.9380197759663711
2019-05-05 07:50:00-04:00,0.0,0.0,0.9380197759663711
2019-05-05 07:55:00-04:00,0.0,0.0,0.9380197759663711
2019-05-05 08:00:00-04:00,0.0,0.0,0.9380197759663711
2019-05-05 08:05:00-04:00,0.0,0.0,0.9380197759663711
2019-05-05 08:10:00-04:00,0.0,0.0,0.9380197759663711
2019-05-05 08:15:00-04:00,0.0,0.0,0.9380197759663711
2019-05-05 08:20:00-04:00,0.0,0.0,0.9380197759663711
2019-05-05 08:25:00-04:00,0.0,0.0,0.9380197759663711
2019-05-05 08:30:00-04:00,0.0,0.0,0.9380197759663711
2019-05-05 08:35:00-04:00,0.0,0.0,0.9380197759663711
2019-05-05 08:40:00-04:00,0.0,0.0,0.9380197759663711
2019-05-05 08:45:00-04:00,0.0,0.0,0.9380197759663711
2019-05-05 08:50:00-04:00,0.0,0.0,0.9380197759663711
2019-05-05 08:55:00-04:00,0.0,0.0,0.9380197759663711
2019-05-05 09:00:00-04:00,0.0,0.0,0.9380197759663711
2019-05-05 09:05:00-04:00,0.0,0.0,0.9380197759663711
2019-05-05 09:10:00-04:00,0.0,0.0,0.9380197759663711
2019-05-05 09:15:00-04:00,0.0,0.0,0.9380197759663711
2019-05-05 09:20:00-04:00,0.0,0.0,0.9380197759663711
2019-05-05 09:25:00-04:00,0.0,0.0,0.9380197759663711
2019-05-05 09:30:00-04:00,0.0,0.0,0.9380197759663711
2019-05-05 09:35:00-04:00,0.0,0.0,0.9380197759663711
2019-05-05 09:40:00-04:00,0.0,0.0,0.9380197759663711
2019-05-05 09:45:00-04:00,0.0,0.0,0.9380197759663711
2019-05-05 09:50:00-04:00,0.0,0.0,0.9380197759663711
2019-05-05 09:55:00-04:00,0.0,0.0,0.9380197759663711
2019-05-05 10:00:00-04:00,0.0,0.0,0.9380197759663711
2019-05-05 10:05:00-04:00,0.0,0.0,0.9380197759663711
2019-05-05 10:10:00-04:00,0.0,0.0,0.9380197759663711
2019-05-05 10:15:00-04:00,0.0,0.0,0.9380197759663711
2019-05-05 10:20:00-04:00,0.0,0.0,0.9380197759663711
2019-05-05 10:25:00-04:00,0.0,0.0,0.9380197759663711
2019-05-05 10:30:00-04:00,0.0,0.0,0.9380197759663711
2019-05-05 10:35:00-04:00,0.0,0.0,0.9380197759663711
2019-05-05 10:40:00-04:00,0.0,0.0,0.9380197759663711
2019-05-05 10:45:00-04:00,0.0,0.0,0.9380197759663711
2019-05-05 10:50:00-04:00,0.0,0.0,0.9380197759663711
2019-05-05 10:55:00-04:00,0.0,0.0,0.9380197759663711
2019-05-05 11:00:00-04:00,0.0,0.0,0.9380197759663711
2019-05-05 11:05:00-04:00,0.0,0.0,0.9380197759663711
2019-05-05 11:10:00-04:00,0.0,858.5304767999999,0.7886680461163711
2019-05-05 11:15:00-04:00,0.0,857.9835252,0.7886680461163711
2019-05-05 11:20:00-04:00,0.0,858.5595174,0.7886680461163711
2019-05-05 11:25:00-04:00,0.0,858.8839751999998,0.7886680461163711
2019-05-05 11:30:00-04:00,0.0,858.6092639999998,0.7886680461163711
2019-05-05 11:35:00-04:00,0.0,858.2850323999997,0.7886680461163711
2019-05-05 11:40:00-04:00,0.0,857.786244,0.7886680461163711
2019-05-05 11:45:00-04:00,0.0,854.2726620000002,0.7886680461163711
2019-05-05 11:50:00-04:00,0.0,854.1973374,0.7886680461163711
2019-05-05 11:55:00-04:00,0.0,856.0624956000001,0.7886680461163711
2019-05-05 12:00:00-04:00,0.0,855.790464,0.7886680461163711
2019-05-05 12:05:00-04:00,0.0,856.2622302,0.7886680461163711
2019-05-05 12:10:00-04:00,0.0,855.9144825000001,0.7886680461163711
2019-05-05 12:15:00-04:00,0.0,853.8959520000001,0.7886680461163711
2019-05-05 12:20:00-04:00,0.0,854.3919042,0.7886680461163711
2019-05-05 12:25:00-04:00,0.0,854.7405132000001,0.7886680461163711
2019-05-05 12:30:00-04:00,0.0,853.3757354999998,0.7886680461163711
2019-05-05 12:35:00-04:00,0.0,848.8797408,0.7886680461163711
2019-05-05 12:40:00-04:00,0.0,849.6228078,0.7886680461163711
2019-05-05 12:45:00-04:00,0.0,848.6055863999999,0.7886680461163711
2019-05-05 12:50:00-04:00,0.0,847.6366674000002,0.7886680461163711
2019-05-05 12:55:00-04:00,0.0,845.8552728,0.7886680461163711
2019-05-05 13:00:00-04:00,0.0,0.0,0.9368744079163711
2019-05-05 13:05:00-04:00,0.0,0.0,0.9368744079163711
2019-05-05 13:10:00-04:00,0.0,0.0,0.9368744079163711
2019-05-05 13:15:00-04:00,0.0,0.0,0.9368744079163711
2019-05-05 13:20:00-04:00,0.0,0.0,0.9368744079163711
2019-05-05 13:25:00-04:00,0.0,0.0,0.9368744079163711
2019-05-05 13:30:00-04:00,0.0,0.0,0.9368744079163711
2019-05-05 13:35:00-04:00,0.0,0.0,0.9368744079163711
2019-05-05 13:40:00-04:00,0.0,0.0,0.9368744079163711
2019-05-05 13:45:00-04:00,0.0,0.0,0.9368744079163711
2019-05-05 13:50:00-04:00,0.0,0.0,0.9368744079163711
2019-05-05 13:55:00-04:00,0.0,0.0,0.9368744079163711
2019-05-05 14:00:00-04:00,0.0,0.0,0.9368744079163711
2019-05-05 14:05:00-04:00,0.0,0.0,0.9368744079163711
2019-05-05 14:10:00-04:00,0.0,0.0,0.9368744079163711
2019-05-05 14:15:00-04:00,0.0,0.0,0.9368744079163711
2019-05-05 14:20:00-04:00,0.0,0.0,0.9368744079163711
2019-05-05 14:25:00-04:00,0.0,0.0,0.9368744079163711
2019-05-05 14:30:00-04:00,0.0,0.0,0.9368744079163711
2019-05-05 14:35:00-04:00,0.0,0.0,0.9368744079163711
2019-05-05 14:40:00-04:00,0.0,0.0,0.9368744079163711
2019-05-05 14:45:00-04:00,0.0,0.0,0.9368744079163711
2019-05-05 14:50:00-04:00,0.0,0.0,0.9368744079163711
2019-05-05 14:55:00-04:00,0.0,0.0,0.9368744079163711
2019-05-05 15:00:00-04:00,0.0,0.0,0.9368744079163711
2019-05-05 15:05:00-04:00,0.0,0.0,0.9368744079163711
2019-05-05 15:10:00-04:00,0.0,0.0,0.9368744079163711
2019-05-05 15:15:00-04:00,0.0,0.0,0.9368744079163711
2019-05-05 15:20:00-04:00,0.0,0.0,0.9368744079163711
2019-05-05 15:25:00-04:00,0.0,0.0,0.9368744079163711
2019-05-05 15:30:00-04:00,0.0,0.0,0.9368744079163711
2019-05-05 15:35:00-04:00,0.0,0.0,0.9368744079163711
2019-05-05 15:40:00-04:00,0.0,0.0,0.9368744079163711
2019-05-05 15:45:00-04:00,0.0,0.0,0.9368744079163711
2019-05-05 15:50:00-04:00,0.0,0.0,0.9368744079163711
2019-05-05 15:55:00-04:00,0.0,0.0,0.9368744079163711
2019-05-05 16:00:00-04:00,0.0,0.0,0.9368744079163711
2019-05-05 16:05:00-04:00,0.0,0.0,0.9368744079163711
2019-05-05 16:10:00-04:00,0.0,0.0,0.9368744079163711
2019-05-05 16:15:00-04:00,0.0,0.0,0.9368744079163711
2019-05-05 16:20:00-04:00,0.0,0.0,0.9368744079163711
2019-05-05 16:25:00-04:00,0.0,0.0,0.9368744079163711
2019-05-05 16:30:00-04:00,-858.724704,0.0,0.7867138719163711
2019-05-05 16:35:00-04:00,-858.320064,0.0,0.7867138719163711
2019-05-05 16:40:00-04:00,-857.2554864,0.0,0.7867138719163711
2019-05-05 16:45:00-04:00,-857.4951168,0.0,0.7867138719163711
2019-05-05 16:50:00-04:00,-857.4347376,0.0,0.7867138719163711
2019-05-05 16:55:00-04:00,-855.9663552000001,0.0,0.7867138719163711
2019-05-05 17:00:00-04:00,-856.1912544,0.0,0.7867138719163711
2019-05-05 17:05:00-04:00,-857.3759279999999,0.0,0.7867138719163711
2019-05-05 17:10:00-04:00,-856.9409184,0.0,0.7867138719163711
2019-05-05 17:15:00-04:00,-857.0158848,0.0,0.7867138719163711
2019-05-05 17:20:00-04:00,-858.484872,0.0,0.7867138719163711
2019-05-05 17:25:00-04:00,-858.36528,0.0,0.7867138719163711
2019-05-05 17:30:00-04:00,-856.5201792,0.0,0.7867138719163711
2019-05-05 17:35:00-04:00,-855.7558704,0.0,0.7867138719163711
2019-05-05 17:40:00-04:00,-856.5672528,0.0,0.7867138719163711
2019-05-05 17:45:00-04:00,-856.5222816,0.0,0.7867138719163711
2019-05-05 17:50:00-04:00,-857.8077984,0.0,0.7867138719163711
2019-05-05 17:55:00-04:00,-857.255544,0.0,0.7867138719163711
2019-05-05 18:00:00-04:00,-857.838816,0.0,0.7867138719163711
2019-05-05 18:05:00-04:00,-858.2682239999999,0.0,0.7867138719163711
2019-05-05 18:10:00-04:00,-858.2438592000001,0.0,0.7867138719163711
2019-05-05 18:15:00-04:00,-857.8077984,0.0,0.7867138719163711
2019-05-05 18:20:00-04:00,-857.1362544000001,0.0,0.7867138719163711
2019-05-05 18:25:00-04:00,-857.1058704,0.0,0.7867138719163711
2019-05-05 18:30:00-04:00,-858.0346416000001,0.0,0.7867138719163711
2019-05-05 18:35:00-04:00,-857.8555776,0.0,0.7867138719163711
2019-05-05 18:40:00-04:00,-858.2753519999999,0.0,0.7867138719163711
2019-05-05 18:45:00-04:00,-857.3610816,0.0,0.7867138719163711
2019-05-05 18:50:00-04:00,-856.6570368,0.0,0.7867138719163711
2019-05-05 18:55:00-04:00,-856.70208,0.0,0.7867138719163711
2019-05-05 19:00:00-04:00,-857.7045648,0.0,0.7867138719163711
2019-05-05 19:05:00-04:00,-856.626408,0.0,0.7867138719163711
2019-05-05 19:10:00-04:00,-855.1001520000001,0.0,0.7867138719163711
2019-05-05 19:15:00-04:00,-853.3036800000001,0.0,0.7867138719163711
2019-05-05 19:20:00-04:00,-854.1671616,0.0,0.7867138719163711
2019-05-05 19:25:00-04:00,-855.869112,0.0,0.7867138719163711
2019-05-05 19:30:00-04:00,-854.8007040000001,0.0,0.7867138719163711
2019-05-05 19:35:00-04:00,-856.8056016,0.0,0.7867138719163711
2019-05-05 19:40:00-04:00,-856.1030400000001,0.0,0.7867138719163711
2019-05-05 19:45:00-04:00,0.0,0.0,0.9365861919163712
2019-05-05 19:50:00-04:00,0.0,0.0,0.9365861919163712
2019-05-05 19:55:00-04:00,0.0,0.0,0.9365861919163712
